"interval_no","record_type","scale_no","scale_level","interval_name","abbrev","parent_no","color","max_ma","min_ma","reference_no"
"555","int","","","Porterfieldian","","","","0.00000","0.00000","8960"
"32","int","1","4","Holocene","","12","#FEF2E0","0.01170","0.00000","47900"
"3002","int","1","5","Holocene","","32","#FEF2E0","0.01170","0.00000","47900"
"1088","int","","","Tarantian","","","","0.12600","0.01200","42499"
"922","int","1","5","Late Pleistocene","","33","#FFF2D3","0.12600","0.01170","15443"
"239","int","","","Sheridanian","","","","0.30000","0.01200","5959"
"237","int","","","Rancholabrean","","","","0.30000","0.01200","5959"
"943","int","","","Haweran","","","","0.34000","0.00000","18155"
"718","int","","","Lujanian","","","","0.78100","0.01200","9569"
"1089","int","","","Ionian","","","","0.78100","0.12600","42499"
"923","int","1","5","Middle Pleistocene","","33","#FFF2C7","0.78100","0.12600","15443"
"719","int","","","Ensenadan","","","","1.20000","0.78100","9569"
"944","int","","","Castlecliffian","","","","1.63000","0.34000","18155"
"240","int","","","Cudahyan","","","","1.80000","0.30000","5959"
"241","int","","","Sappan","","","","1.80000","0.30000","5959"
"238","int","","","Irvingtonian","","","","1.80000","0.30000","5959"
"740","int","1","5","Calabrian","","33","#FFF2BA","1.80600","0.78100","47900"
"945","int","","","Nukumaruan","","","","2.40000","1.63000","18155"
"295","int","","","MN 17","","","","2.58800","1.80600","8851"
"1038","int","","","Nihewanian","","","","2.58800","0.01200","23736"
"924","int","","","Early Pleistocene","","","","2.58800","0.78100","15443"
"12","int","1","3","Quaternary","","1","#F9F97F","2.58800","0.00000","47900"
"33","int","1","4","Pleistocene","","12","#FFF2AE","2.58800","0.01170","47900"
"741","int","1","5","Gelasian","","33","#FFEDB3","2.58800","1.80600","47900"
"720","int","","","Uquian","","","","3.00000","1.20000","9569"
"946","int","","","Mangapanian","","","","3.00000","2.40000","18155"
"296","int","","","MN 16","","","","3.20000","2.58800","8851"
"288","int","","","Villanyian","","","","3.20000","2.58800","8851"
"947","int","","","Waipipian","","","","3.60000","3.00000","18155"
"81","int","","","Late Pliocene","","","","3.60000","2.58800","5954"
"96","int","1","5","Piacenzian","","34","#FFFFBF","3.60000","2.58800","47900"
"721","int","","","Chapadmalalan","","","","4.00000","3.00000","9569"
"297","int","","","MN 15","","","","4.20000","3.20000","8851"
"243","int","","","Rexroadian","","","","4.90000","1.80000","5959"
"1039","int","","","Yushean","","","","4.90000","2.58800","23736"
"219","int","","","Blancan","","","","4.90000","1.80000","5954"
"242","int","","","""Senecan""","","","","4.90000","1.80000","5959"
"298","int","","","MN 14","","","","4.90000","4.20000","8851"
"925","int","","","Wanganui","","","","5.33300","0.00000","18155"
"948","int","","","Opoitian","","","","5.33300","3.60000","18155"
"82","int","","","Early Pliocene","","","","5.33300","3.60000","5954"
"289","int","","","Ruscinian","","","","5.33300","3.20000","8851"
"34","int","1","4","Pliocene","","25","#FFFF99","5.33300","2.58800","47900"
"97","int","1","5","Zanclean","","34","#FFFFB3","5.33300","3.60000","47900"
"949","int","","","Kapitean","","","","6.50000","5.33300","18155"
"722","int","","","Montehermosan","","","","6.80000","4.00000","9569"
"299","int","","","MN 13","","","","7.24600","4.90000","8851"
"98","int","1","5","Messinian","","35","#FFFF73","7.24600","5.33300","47900"
"300","int","","","MN 12","","","","7.75000","7.24600","8851"
"290","int","","","Turolian","","","","8.70000","5.33300","8851"
"301","int","","","MN 11","","","","8.70000","7.75000","8851"
"723","int","","","Huayquerian","","","","9.00000","6.80000","9569"
"302","int","","","MN 10","","","","9.70000","8.70000","8851"
"724","int","","","Chasicoan","","","","10.00000","9.00000","9569"
"220","int","","","Hemphillian","","","","10.30000","4.90000","5954"
"244","int","","","Late Hemphillian","","","","10.30000","4.90000","5959"
"245","int","","","late Early Hemphillian","","","","10.30000","4.90000","5959"
"246","int","","","early Early Hemphillian","","","","10.30000","4.90000","5959"
"926","int","","","Taranaki","","","","10.92000","5.33300","18155"
"303","int","","","MN 9","","","","11.10000","9.70000","8851"
"1040","int","","","Baodean","","","","11.10000","4.90000","23736"
"291","int","","","Vallesian","","","","11.60800","8.70000","8851"
"1044","int","","","Pannonian","","","","11.60800","7.24600","23788"
"950","int","","","Tongaporutuan","","","","11.60800","6.50000","18155"
"83","int","","","Late Miocene","","","","11.60800","5.33300","5954"
"99","int","1","5","Tortonian","","35","#FFFF66","11.62000","7.24600","47900"
"725","int","","","Mayoan","","","","11.80000","10.00000","9569"
"951","int","","","Waiauan","","","","12.70000","11.60800","18155"
"1045","int","","","Sarmatian","","","","12.70000","11.60800","23788"
"304","int","","","MN 7 + 8","","","","12.75000","11.10000","8851"
"221","int","","","Clarendonian","","","","13.60000","10.30000","5954"
"247","int","","","Late Clarendonian","","","","13.60000","10.30000","5959"
"248","int","","","Early Clarendonian","","","","13.60000","10.30000","5959"
"1041","int","","","Tunggurian","","","","13.65000","11.10000","23736"
"1046","int","","","Badenian","","","","13.65000","12.70000","23788"
"952","int","","","Lillburnian","","","","13.65000","12.70000","18155"
"305","int","","","MN 6","","","","13.65000","12.75000","8851"
"726","int","","","Laventan","","","","13.80000","11.80000","9569"
"100","int","1","5","Serravallian","","35","#FFFF59","13.82000","11.62000","47900"
"727","int","","","Colloncuran","","","","15.50000","13.80000","9569"
"953","int","","","Clifdenian","","","","15.90000","13.65000","18155"
"927","int","","","Southland","","","","15.90000","10.92000","18155"
"251","int","","","Early Barstovian","","","","15.97000","13.60000","5959"
"222","int","","","Barstovian","","","","15.97000","13.60000","5954"
"292","int","","","Astaracian","","","","15.97000","11.60800","8851"
"306","int","","","MN 5","","","","15.97000","13.65000","8851"
"249","int","","","late Late Barstovian","","","","15.97000","13.60000","5959"
"84","int","","","Middle Miocene","","","","15.97000","11.60800","5954"
"250","int","","","early Late Barstovian","","","","15.97000","13.60000","5959"
"101","int","1","5","Langhian","","35","#FFFF4D","15.97000","13.82000","47900"
"728","int","","","Friasian","","","","16.30000","15.50000","9569"
"1042","int","","","Shanwangian","","","","16.90000","13.65000","23736"
"307","int","","","MN 4","","","","16.90000","15.97000","8851"
"729","int","","","Santacrucian","","","","17.50000","16.30000","9569"
"954","int","","","Altonian","","","","19.00000","15.90000","18155"
"308","int","","","MN 3","","","","20.00000","16.90000","8851"
"293","int","","","Orleanian","","","","20.00000","15.97000","8851"
"253","int","","","Early Hemingfordian","","","","20.43000","15.97000","5959"
"223","int","","","Hemingfordian","","","","20.43000","15.97000","5954"
"252","int","","","Late Hemingfordian","","","","20.43000","15.97000","5959"
"102","int","1","5","Burdigalian","","35","#FFFF41","20.44000","15.97000","47900"
"730","int","","","Colhuehuapian","","","","21.00000","17.50000","9569"
"928","int","","","Pareora","","","","21.70000","15.90000","18155"
"955","int","","","Otaian","","","","21.70000","19.00000","18155"
"309","int","","","MN 2","","","","22.40000","20.00000","8851"
"294","int","","","Agenian","","","","23.03000","20.00000","8851"
"310","int","","","MN 1","","","","23.03000","22.40000","8851"
"1043","int","","","Xiejiaan","","","","23.03000","16.90000","23736"
"85","int","","","Early Miocene","","","","23.03000","15.97000","5954"
"25","int","1","3","Neogene","Ng","1","#FFE619","23.03000","2.58800","47900"
"35","int","1","4","Miocene","","25","#FFFF00","23.03000","5.33300","47900"
"103","int","1","5","Aquitanian","","35","#FFFF33","23.03000","20.44000","47900"
"285","int","","","Harrisonian","","","","24.80000","20.43000","8850"
"956","int","","","Waitakian","","","","25.20000","21.70000","18155"
"286","int","","","Monroecreekian","","","","26.30000","24.80000","8850"
"957","int","","","Duntroonian","","","","27.30000","25.20000","18155"
"104","int","1","5","Chattian","","36","#FEE6AA","28.10000","23.03000","47900"
"997","int","","","Tabenbulakian","","","","28.40000","23.03000","18322"
"86","int","","","Late Oligocene","","","","28.40000","23.03000","5954"
"1014","int","","","MP 28","","","","28.40000","23.03000","19210"
"1015","int","","","MP 27","","","","28.40000","23.03000","19210"
"1016","int","","","MP 26","","","","28.40000","23.03000","19210"
"1012","int","","","MP 30","","","","28.40000","23.03000","19210"
"1013","int","","","MP 29","","","","28.40000","23.03000","19210"
"731","int","","","Deseadan","","","","29.00000","21.00000","9569"
"254","int","","","late Late Arikareean","","","","30.80000","20.43000","5959"
"255","int","","","early Late Arikareean","","","","30.80000","20.43000","5959"
"287","int","","","Geringian","","","","30.80000","26.30000","8850"
"256","int","","","late Early Arikareean","","","","30.80000","20.43000","5959"
"257","int","","","early Early Arikareean","","","","30.80000","20.43000","5959"
"224","int","","","Arikareean","","","","30.80000","20.43000","5954"
"225","int","","","Whitneyan","","","","33.30000","30.80000","5954"
"1018","int","","","MP 24","","","","33.90000","28.40000","19210"
"1019","int","","","MP 23","","","","33.90000","28.40000","19210"
"226","int","","","Orellan","","","","33.90000","33.30000","5954"
"998","int","","","Hsandagolian","","","","33.90000","23.03000","18322"
"1020","int","","","MP 22","","","","33.90000","28.40000","19210"
"999","int","","","Kekeamuan","","","","33.90000","28.40000","18322"
"1021","int","","","MP 21","","","","33.90000","28.40000","19210"
"1017","int","","","MP 25","","","","33.90000","23.03000","19210"
"87","int","","","Early Oligocene","","","","33.90000","28.40000","5954"
"36","int","1","4","Oligocene","","26","#FDC07A","33.90000","23.03000","47900"
"105","int","1","5","Rupelian","","36","#FED99A","33.90000","28.10000","47900"
"929","int","","","Landon","","","","34.30000","21.70000","18155"
"958","int","","","Whaingaroan","","","","34.30000","27.30000","18155"
"732","int","","","Tinguirirican","","","","36.00000","29.00000","9569"
"959","int","","","Runangan","","","","36.00000","34.30000","18155"
"1001","int","","","Ergilian","","","","37.20000","33.90000","18322"
"960","int","","","Kaiatan","","","","37.20000","36.00000","18155"
"259","int","","","Middle Chadronian","","","","37.20000","33.90000","5959"
"1023","int","","","MP 19","","","","37.20000","33.90000","19210"
"1002","int","","","Ulangochuian","","","","37.20000","33.90000","18322"
"1024","int","","","MP 18","","","","37.20000","33.90000","19210"
"88","int","","","Late Eocene","","","","37.20000","33.90000","5954"
"227","int","","","Chadronian","","","","37.20000","33.90000","5954"
"1025","int","","","MP 17B","","","","37.20000","33.90000","19210"
"260","int","","","Early Chadronian","","","","37.20000","33.90000","5959"
"1000","int","","","Houldjinian","","","","37.20000","33.90000","18322"
"1026","int","","","MP 17A","","","","37.20000","33.90000","19210"
"258","int","","","Late Chadronian","","","","37.20000","33.90000","5959"
"1022","int","","","MP 20","","","","37.20000","33.90000","19210"
"106","int","1","5","Priabonian","","37","#FDCDA1","38.00000","33.90000","47900"
"1027","int","","","MP 16","","","","40.40000","37.20000","19210"
"228","int","","","Duchesnean","","","","40.40000","37.20000","5954"
"107","int","1","5","Bartonian","","37","#FDC091","41.30000","38.00000","47900"
"733","int","","","Divisaderan","","","","42.00000","36.00000","9569"
"961","int","","","Bortonian","","","","43.00000","37.20000","18155"
"930","int","","","Arnold","","","","43.00000","34.30000","18155"
"229","int","","","Uintan","","","","46.20000","40.40000","5954"
"261","int","","","Late Uintan","","","","46.20000","40.40000","5959"
"962","int","","","Porangan","","","","46.20000","43.00000","18155"
"262","int","","","Early Uintan","","","","46.20000","40.40000","5959"
"108","int","1","5","Lutetian","","37","#FCB482","47.80000","41.30000","47900"
"734","int","","","Mustersan","","","","48.00000","42.00000","9569"
"89","int","","","Middle Eocene","","","","48.60000","37.20000","5954"
"1032","int","","","MP 11","","","","48.60000","40.40000","19210"
"1028","int","","","MP 15","","","","48.60000","40.40000","19210"
"1003","int","","","Sharamurunian","","","","48.60000","37.20000","18322"
"1029","int","","","MP 14","","","","48.60000","40.40000","19210"
"1004","int","","","Irdinmanhan","","","","48.60000","37.20000","18322"
"1030","int","","","MP 13","","","","48.60000","40.40000","19210"
"1005","int","","","Arshantan","","","","48.60000","37.20000","18322"
"1031","int","","","MP 12","","","","48.60000","40.40000","19210"
"963","int","","","Heretaungan","","","","49.50000","46.20000","18155"
"230","int","","","Bridgerian","","","","50.30000","46.20000","5954"
"263","int","","","Twinbuttean","","","","50.30000","46.20000","5959"
"264","int","","","Blacksforkian","","","","50.30000","46.20000","5959"
"265","int","","","Gardnerbuttian","","","","50.30000","46.20000","5959"
"964","int","","","Mangaorapan","","","","53.00000","49.50000","18155"
"90","int","","","Early Eocene","","","","55.80000","48.60000","5954"
"1006","int","","","Bumbanian","","","","55.80000","48.60000","18322"
"965","int","","","Waipawan","","","","55.80000","53.00000","18155"
"267","int","","","Lysitean","","","","55.80000","50.30000","5959"
"268","int","","","Graybullian","","","","55.80000","50.30000","5959"
"1033","int","","","MP 10","","","","55.80000","48.60000","19210"
"231","int","","","Wasatchian","","","","55.80000","50.30000","5954"
"269","int","","","Sandcouleean","","","","55.80000","50.30000","5959"
"1034","int","","","MP 8 + 9","","","","55.80000","48.60000","19210"
"1035","int","","","MP 7","","","","55.80000","48.60000","19210"
"735","int","","","Casamayoran","","","","55.80000","48.00000","9569"
"266","int","","","Lostcabinian","","","","55.80000","50.30000","5959"
"37","int","1","4","Eocene","","26","#FDB46C","56.00000","33.90000","47900"
"109","int","1","5","Ypresian","","37","#FCA773","56.00000","47.80000","47900"
"271","int","","","Cf2","","","","56.80000","55.80000","5959"
"272","int","","","Cf1","","","","56.80000","55.80000","5959"
"232","int","","","Clarkforkian","","","","56.80000","55.80000","5954"
"270","int","","","Cf3","","","","56.80000","55.80000","5959"
"736","int","","","Riochican","","","","57.00000","55.80000","9569"
"1036","int","","","MP 6","","","","58.70000","55.80000","19210"
"1007","int","","","Gashatan","","","","58.70000","55.80000","18322"
"91","int","","","Late Paleocene","","","","58.70000","55.80000","5954"
"737","int","","","Itaboraian","","","","59.00000","57.00000","9569"
"110","int","1","5","Thanetian","","38","#FDBF6F","59.20000","56.00000","47900"
"743","int","1","5","Selandian","","38","#FEBF65","61.60000","59.20000","47900"
"276","int","","","Ti3","","","","61.70000","56.80000","5959"
"783","int","","","Middle Paleocene","","","","61.70000","58.70000","15443"
"277","int","","","Ti2","","","","61.70000","56.80000","5959"
"273","int","","","Ti6","","","","61.70000","56.80000","5959"
"278","int","","","Ti1","","","","61.70000","56.80000","5959"
"274","int","","","Ti5","","","","61.70000","56.80000","5959"
"233","int","","","Tiffanian","","","","61.70000","56.80000","5954"
"275","int","","","Ti4","","","","61.70000","56.80000","5959"
"738","int","","","Peligran","","","","62.50000","59.00000","9569"
"234","int","","","Torrejonian","","","","63.30000","61.70000","5954"
"281","int","","","To1","","","","63.30000","61.70000","5959"
"279","int","","","To3","","","","63.30000","61.70000","5959"
"280","int","","","To2","","","","63.30000","61.70000","5959"
"13","int","","","Tertiary","","","","66.00000","2.58800","5954"
"1037","int","","","MP 1 - 5","","","","66.00000","55.80000","19210"
"235","int","","","Dragonian","","","","66.00000","61.70000","5954"
"92","int","","","Early Paleocene","","","","66.00000","61.70000","5954"
"966","int","","","Teurian","","","","66.00000","55.80000","18155"
"282","int","","","Pu3","","","","66.00000","63.30000","5959"
"236","int","","","Puercan","","","","66.00000","63.30000","5954"
"283","int","","","Pu2","","","","66.00000","63.30000","5959"
"931","int","","","Dannevirke","","","","66.00000","43.00000","18155"
"739","int","","","Tiupampan","","","","66.00000","62.50000","9569"
"284","int","","","Pu1","","","","66.00000","63.30000","5959"
"1","int","1","2","Cenozoic","Cz","751","#F2F91D","66.00000","0.00000","47900"
"26","int","1","3","Paleogene","Pg","1","#FD9A52","66.00000","23.03000","47900"
"38","int","1","4","Paleocene","","26","#FDA75F","66.00000","56.00000","47900"
"111","int","1","5","Danian","","38","#FDB462","66.00000","61.60000","47900"
"744","int","","","Lancian","","","","70.60000","66.00000","2237"
"655","int","","","Early Maastrichtian","","","","70.60000","66.00000","9098"
"745","int","","","Edmontonian","","","","70.60000","66.00000","2237"
"654","int","","","Late Maastrichtian","","","","70.60000","66.00000","9098"
"112","int","1","5","Maastrichtian","","39","#F2FA8C","72.10000","66.00000","47900"
"658","int","","","Early Campanian","","","","83.50000","70.60000","9098"
"746","int","","","Judithian","","","","83.50000","70.60000","2237"
"967","int","","","Haumurian","","","","83.50000","66.00000","18155"
"747","int","","","Aquilan","","","","83.50000","70.60000","2237"
"656","int","","","Late Campanian","","","","83.50000","70.60000","9098"
"657","int","","","Middle Campanian","","","","83.50000","70.60000","9098"
"113","int","1","5","Campanian","","39","#E6F47F","83.60000","72.10000","47900"
"661","int","","","Early Santonian","","","","85.80000","83.50000","9098"
"968","int","","","Piripauan","","","","85.80000","83.50000","18155"
"659","int","","","Late Santonian","","","","85.80000","83.50000","9098"
"660","int","","","Middle Santonian","","","","85.80000","83.50000","9098"
"114","int","1","5","Santonian","","39","#D9EF74","86.30000","83.60000","47900"
"932","int","","","Mata","","","","86.50000","66.00000","18155"
"969","int","","","Teratan","","","","89.30000","85.80000","18155"
"662","int","","","Late Coniacian","","","","89.30000","85.80000","9098"
"663","int","","","Middle Coniacian","","","","89.30000","85.80000","9098"
"93","int","","","Senonian","","","","89.30000","66.00000","5954"
"664","int","","","Early Coniacian","","","","89.30000","85.80000","9098"
"115","int","1","5","Coniacian","","39","#CCE968","89.80000","86.30000","47900"
"970","int","","","Mangaotanean","","","","92.10000","89.30000","18155"
"667","int","","","Early Turonian","","","","93.50000","89.30000","9098"
"665","int","","","Late Turonian","","","","93.50000","89.30000","9098"
"666","int","","","Middle Turonian","","","","93.50000","89.30000","9098"
"116","int","1","5","Turonian","","39","#BFE35D","93.90000","89.80000","47900"
"933","int","","","Raukumara","","","","95.20000","86.50000","18155"
"971","int","","","Arowhanan","","","","95.20000","92.10000","18155"
"670","int","","","Early Cenomanian","","","","99.60000","93.50000","9098"
"668","int","","","Late Cenomanian","","","","99.60000","93.50000","9098"
"669","int","","","Middle Cenomanian","","","","99.60000","93.50000","9098"
"972","int","","","Ngaterian","","","","99.60000","95.20000","18155"
"39","int","1","4","Late Cretaceous","","14","#A6D84A","100.50000","66.00000","47900"
"117","int","1","5","Cenomanian","","39","#B3DE53","100.50000","93.90000","47900"
"973","int","","","Motuan","","","","103.30000","99.60000","18155"
"671","int","","","Late Albian","","","","105.30000","99.60000","9098"
"974","int","","","Urutawan","","","","108.40000","103.30000","18155"
"934","int","","","Clarence","","","","108.40000","95.20000","18155"
"672","int","","","Middle Albian","","","","109.00000","105.30000","9098"
"673","int","","","Early Albian","","","","112.03000","109.00000","9098"
"118","int","1","5","Albian","","40","#CCEA97","113.00000","100.50000","47900"
"674","int","","","Late Aptian","","","","122.46000","112.03000","9098"
"119","int","1","5","Aptian","","40","#BFE48A","125.00000","113.00000","47900"
"975","int","","","Korangan","","","","125.45000","108.40000","18155"
"675","int","","","Early Aptian","","","","125.45000","122.46000","9098"
"120","int","1","5","Barremian","","40","#B3DF7F","129.40000","125.00000","47900"
"676","int","","","Late Barremian","","","","130.00000","125.45000","9098"
"94","int","","","Gallic","","","","130.00000","89.30000","5954"
"677","int","","","Early Barremian","","","","130.00000","125.45000","9098"
"121","int","1","5","Hauterivian","","40","#A6D975","132.90000","129.40000","47900"
"679","int","","","Early Hauterivian","","","","136.40000","130.00000","9098"
"678","int","","","Late Hauterivian","","","","136.40000","130.00000","9098"
"122","int","1","5","Valanginian","","40","#99D36A","139.80000","132.90000","47900"
"681","int","","","Early Valanginian","","","","140.20000","136.40000","9098"
"680","int","","","Late Valanginian","","","","140.20000","136.40000","9098"
"683","int","","","Middle Berriasian","","","","145.00000","140.20000","9098"
"935","int","","","Taitai","","","","145.00000","108.40000","18155"
"684","int","","","Early Berriasian","","","","145.00000","140.20000","9098"
"95","int","","","Neocomian","","","","145.00000","130.00000","5954"
"682","int","","","Late Berriasian","","","","145.00000","140.20000","9098"
"14","int","1","3","Cretaceous","K","2","#7FC64E","145.00000","66.00000","47900"
"40","int","1","4","Early Cretaceous","","14","#8CCD57","145.00000","100.50000","47900"
"123","int","1","5","Berriasian","","40","#8CCD60","145.00000","139.80000","47900"
"976","int","","","Puaroan","","","","148.50000","145.00000","18155"
"936","int","","","Oteke","","","","148.50000","145.00000","18155"
"685","int","","","Late Tithonian","","","","150.80000","145.00000","9098"
"686","int","","","Middle Tithonian","","","","150.80000","145.00000","9098"
"687","int","","","Early Tithonian","","","","150.80000","145.00000","9098"
"124","int","1","5","Tithonian","","41","#D9F1F7","152.10000","145.00000","47900"
"977","int","","","Ohauan","","","","153.50000","148.50000","18155"
"689","int","","","Early Kimmeridgian","","","","155.70000","150.80000","9098"
"688","int","","","Late Kimmeridgian","","","","155.70000","150.80000","9098"
"125","int","1","5","Kimmeridgian","","41","#CCECF4","157.30000","152.10000","47900"
"692","int","","","Early Oxfordian","","","","161.20000","155.70000","9098"
"691","int","","","Middle Oxfordian","","","","161.20000","155.70000","9098"
"690","int","","","Late Oxfordian","","","","161.20000","155.70000","9098"
"978","int","","","Heterian","","","","161.20000","153.50000","18155"
"41","int","1","4","Late Jurassic","","15","#B3E3EE","163.50000","145.00000","47900"
"126","int","1","5","Oxfordian","","41","#BFE7F1","163.50000","157.30000","47900"
"485","int","","","Early Callovian","","","","164.70000","161.20000","8933"
"483","int","","","Late Callovian","","","","164.70000","161.20000","8933"
"484","int","","","Middle Callovian","","","","164.70000","161.20000","8933"
"127","int","1","5","Callovian","","42","#BFE7E5","166.10000","163.50000","47900"
"695","int","","","Early Bathonian","","","","167.70000","164.70000","9098"
"694","int","","","Middle Bathonian","","","","167.70000","164.70000","9098"
"693","int","","","Late Bathonian","","","","167.70000","164.70000","9098"
"128","int","1","5","Bathonian","","42","#B3E2E3","168.30000","166.10000","47900"
"495","int","","","Epizigzagiceras","","","","168.40000","167.70000","8933"
"129","int","1","5","Bajocian","","42","#A6DDE0","170.30000","168.30000","47900"
"496","int","","","Rotundum","","","","171.60000","168.40000","8933"
"528","int","","","Sauzei","","","","171.60000","167.70000","8933"
"524","int","","","Parkinsoni","","","","171.60000","167.70000","8933"
"497","int","","","Oblatum","","","","171.60000","168.40000","8933"
"529","int","","","Laeviuscula","","","","171.60000","167.70000","8933"
"487","int","","","Early Bajocian","","","","171.60000","168.40000","8933"
"525","int","","","Garantiana","","","","171.60000","167.70000","8933"
"498","int","","","Kirschneri","","","","171.60000","168.40000","8933"
"530","int","","","Discites","","","","171.60000","167.70000","8933"
"486","int","","","Late Bajocian","","","","171.60000","167.70000","8933"
"526","int","","","Subfurcatum","","","","171.60000","167.70000","8933"
"499","int","","","Crassicostatus","","","","171.60000","168.40000","8933"
"527","int","","","Humphresianum","","","","171.60000","168.40000","8933"
"500","int","","","Widebayense","","","","171.60000","168.40000","8933"
"42","int","1","4","Middle Jurassic","","15","#80CFD8","174.10000","163.50000","47900"
"130","int","1","5","Aalenian","","42","#9AD9DD","174.10000","170.30000","47900"
"937","int","","","Kawhia","","","","175.60000","148.50000","18155"
"501","int","","","Howelli","","","","175.60000","171.60000","8933"
"533","int","","","Opalinum","","","","175.60000","171.60000","8933"
"979","int","","","Temaikan","","","","175.60000","161.20000","18155"
"502","int","","","Scissum","","","","175.60000","171.60000","8933"
"503","int","","","Westermanni","","","","175.60000","171.60000","8933"
"698","int","","","Early Aalenian","","","","175.60000","171.60000","9098"
"531","int","","","Concavum","","","","175.60000","171.60000","8933"
"697","int","","","Middle Aalenian","","","","175.60000","171.60000","9098"
"532","int","","","Murchisonae","","","","175.60000","171.60000","8933"
"696","int","","","Late Aalenian","","","","175.60000","171.60000","9098"
"505","int","","","Hillebrandti","","","","180.10000","175.60000","8933"
"506","int","","","Crassicosta","","","","180.10000","175.60000","8933"
"535","int","","","Thouarsense","","","","180.10000","175.60000","8933"
"504","int","","","Yakounensis","","","","180.10000","175.60000","8933"
"488","int","","","Late Toarcian","","","","180.10000","175.60000","8933"
"537","int","","","Bifrons","","","","182.00000","175.60000","8933"
"534","int","","","Levesquei","","","","182.00000","175.60000","8933"
"507","int","","","Planulata","","","","182.00000","180.10000","8933"
"489","int","","","Middle Toarcian","","","","182.00000","175.60000","8933"
"536","int","","","Variabilis","","","","182.00000","175.60000","8933"
"131","int","1","5","Toarcian","","43","#99CEE3","182.70000","174.10000","47900"
"538","int","","","Falciferum","","","","183.00000","182.00000","8933"
"539","int","","","Tenuicostatum","","","","183.00000","182.00000","8933"
"490","int","","","Early Toarcian","","","","183.00000","182.00000","8933"
"508","int","","","Kanense","","","","183.00000","182.00000","8933"
"509","int","","","Carlottense","","","","184.10000","183.00000","8933"
"510","int","","","Kunae","","","","185.70000","184.10000","8933"
"511","int","","","Freboldi","","","","186.70000","185.70000","8933"
"491","int","","","Late Pliensbachian","","","","189.60000","183.00000","8933"
"542","int","","","Davoei","","","","189.60000","183.00000","8933"
"543","int","","","Ibex","","","","189.60000","183.00000","8933"
"980","int","","","Ururoan","","","","189.60000","175.60000","18155"
"512","int","","","Whiteavesi","","","","189.60000","186.70000","8933"
"544","int","","","Jamesoni","","","","189.60000","183.00000","8933"
"540","int","","","Spinatum","","","","189.60000","183.00000","8933"
"492","int","","","Early Pliensbachian","","","","189.60000","183.00000","8933"
"513","int","","","Imlayi","","","","189.60000","186.70000","8933"
"541","int","","","Margaritatus","","","","189.60000","183.00000","8933"
"514","int","","","Tetraspidoceras","","","","190.70000","186.70000","8933"
"132","int","1","5","Pliensbachian","","43","#80C5DD","190.80000","182.70000","47900"
"547","int","","","Obtusum","","","","196.50000","189.60000","8933"
"515","int","","","Plesechioceras harbledownense","","","","196.50000","190.70000","8933"
"493","int","","","Late Sinemurian","","","","196.50000","189.60000","8933"
"548","int","","","Turneri","","","","196.50000","189.60000","8933"
"516","int","","","Asteroceras varians","","","","196.50000","190.70000","8933"
"549","int","","","Semicostatum","","","","196.50000","189.60000","8933"
"517","int","","","Arnioceras arnouldi","","","","196.50000","189.60000","8933"
"545","int","","","Raricostatum","","","","196.50000","189.60000","8933"
"550","int","","","Bucklandi","","","","196.50000","189.60000","8933"
"518","int","","","Coroniceras","","","","196.50000","190.70000","8933"
"494","int","","","Early Sinemurian","","","","196.50000","189.60000","8933"
"546","int","","","Oxynotum","","","","196.50000","189.60000","8933"
"519","int","","","Canadensis","","","","196.60000","190.70000","8933"
"520","int","","","Pseudaetomoceras","","","","196.60000","196.50000","8933"
"133","int","1","5","Sinemurian","","43","#67BCD8","199.30000","190.80000","47900"
"551","int","","","Angulata","","","","201.30000","196.50000","8933"
"700","int","","","Middle Hettangian","","","","201.30000","196.50000","9098"
"699","int","","","Late Hettangian","","","","201.30000","196.50000","9098"
"938","int","","","Herangi","","","","201.30000","175.60000","18155"
"552","int","","","Liasicus","","","","201.30000","196.50000","8933"
"553","int","","","Planorbis","","","","201.30000","196.50000","8933"
"521","int","","","Franziceras","","","","201.30000","196.60000","8933"
"981","int","","","Aratauran","","","","201.30000","189.60000","18155"
"522","int","","","Euphyllites","","","","201.30000","196.60000","8933"
"701","int","","","Early Hettangian","","","","201.30000","196.50000","9098"
"523","int","","","Psiloceras","","","","201.30000","196.50000","8933"
"15","int","1","3","Jurassic","J","2","#34B2C9","201.30000","145.00000","47900"
"43","int","1","4","Early Jurassic","","15","#42AED0","201.30000","174.10000","47900"
"134","int","1","5","Hettangian","","43","#4EB3D3","201.30000","199.30000","47900"
"1101","int","","","Misikella ultima","","","","205.60000","201.60000","42599"
"1102","int","","","Misikella rhaetica","","","","205.60000","201.60000","42599"
"1103","int","","","Misikella posthernsteini-hernsteini","","","","205.60000","201.60000","42599"
"1104","int","","","Misikella bidentata-posthernsteini","","","","205.60000","201.60000","42599"
"982","int","","","Otapirian","","","","205.60000","201.60000","18155"
"135","int","1","5","Rhaetian","","44","#E3B9DB","208.50000","201.30000","47900"
"983","int","","","Warepan","","","","212.00000","205.60000","18155"
"702","int","","","Sevatian","","","","212.00000","205.60000","9098"
"703","int","","","Alaunian","","","","215.56000","212.00000","9098"
"984","int","","","Otamitan","","","","221.50000","212.00000","18155"
"704","int","","","Lacian","","","","221.50000","215.56000","9098"
"939","int","","","Balfour","","","","227.50000","201.60000","18155"
"985","int","","","Oretian","","","","227.50000","221.50000","18155"
"136","int","1","5","Norian","","44","#D6AAD3","228.00000","208.50000","47900"
"705","int","","","Tuvalian","","","","232.00000","221.50000","9098"
"706","int","","","Julian","","","","235.00000","232.00000","9098"
"44","int","1","4","Late Triassic","","16","#BD8CC3","237.00000","201.30000","47900"
"137","int","1","5","Carnian","","44","#C99BCB","237.00000","228.00000","47900"
"986","int","","","Kaihikuan","","","","238.50000","227.50000","18155"
"1050","int","","","Bukobayian","","","","242.00000","235.00000","29103"
"707","int","","","Longobardian","","","","242.00000","235.00000","9098"
"708","int","","","Fassanian","","","","242.00000","235.00000","9098"
"138","int","1","5","Ladinian","","45","#C983BF","242.00000","237.00000","47900"
"987","int","","","Etalian","","","","244.50000","238.50000","18155"
"710","int","","","Pelsonian","","","","247.20000","242.00000","9098"
"1051","int","","","Donguzian","","","","247.20000","235.00000","29103"
"711","int","","","Bithynian","","","","247.20000","242.00000","9098"
"712","int","","","Aegean","","","","247.20000","242.00000","9098"
"709","int","","","Illyrian","","","","247.20000","242.00000","9098"
"45","int","1","4","Middle Triassic","","16","#B168B1","247.20000","237.00000","47900"
"139","int","1","5","Anisian","","45","#BC75B7","247.20000","242.00000","47900"
"652","int","1","5","Olenekian","","46","#B051A5","251.20000","247.20000","47900"
"140","int","","","Spathian","","","","251.30000","247.20000","5954"
"988","int","","","Malakovian","","","","251.30000","244.50000","18155"
"1048","int","","","Yarengian","","","","251.30000","247.20000","29103"
"1053","int","","","Fedorovkian","","","","251.30000","247.20000","29103"
"713","int","","","Smithian","","","","251.30000","247.20000","9098"
"1055","int","","","Sludkian","","","","252.17000","247.20000","29103"
"141","int","","","Nammalian","","","","252.17000","247.20000","5954"
"1056","int","","","Rybinskian","","","","252.17000","247.20000","29103"
"989","int","","","Nelsonian","","","","252.17000","247.20000","18155"
"142","int","","","Griesbachian","","","","252.17000","251.30000","5954"
"1052","int","","","Gamian","","","","252.17000","247.20000","29103"
"1057","int","","","Vokhmian","","","","252.17000","247.20000","29103"
"940","int","","","Gore","","","","252.17000","227.50000","18155"
"1049","int","","","Vetlugian","","","","252.17000","247.20000","29103"
"1054","int","","","Ustmylian","","","","252.17000","247.20000","29103"
"714","int","","","Dienerian","","","","252.17000","251.30000","9098"
"2","int","1","2","Mesozoic","Mz","751","#67C5CA","252.17000","66.00000","47900"
"16","int","1","3","Triassic","Tr","2","#812B92","252.17000","201.30000","47900"
"46","int","1","4","Early Triassic","","16","#983999","252.17000","247.20000","47900"
"653","int","1","5","Induan","","46","#A4469F","252.17000","251.20000","47900"
"990","int","","","Makarewan","","","","253.00000","252.17000","18155"
"991","int","","","Waiitian","","","","253.00000","252.30000","18155"
"1105","int","","","Meishanian","","","","253.50000","252.30000","42679"
"1106","int","","","Baoqingian","","","","254.00000","253.50000","42679"
"913","int","","","Chhidru","","","","254.00000","252.30000","15443"
"475","int","","","Dewey Lake","","","","254.00000","252.30000","5954"
"715","int","1","5","Changhsingian","","771","#FCC0B2","254.17000","252.17000","9184"
"1107","int","","","Laoshanian","","","","258.10000","254.00000","42679"
"992","int","","","Puruhauan","","","","259.00000","253.00000","18155"
"852","int","","","Vyatkian","","","","259.00000","252.30000","15443"
"477","int","","","Salado","","","","259.00000","254.00000","5954"
"478","int","","","Castile","","","","259.00000","254.00000","5954"
"1108","int","","","Laibinian","","","","259.00000","258.10000","42679"
"914","int","","","Kalabagh","","","","259.00000","254.00000","15443"
"144","int","","","Longtanian","","","","259.00000","254.00000","5954"
"47","int","","","Zechstein","","","","259.00000","252.30000","5954"
"476","int","","","Rustler","","","","259.00000","254.00000","5954"
"941","int","","","DUrville","","","","259.00000","251.30000","18155"
"1059","int","","","Early Vyatkian","","","","259.00000","252.30000","29103"
"771","int","1","4","Lopingian","","17","#FBA794","259.90000","252.17000","47900"
"716","int","1","5","Wuchiapingian","","771","#FCB4A2","259.90000","254.17000","9184"
"1060","int","","","Late Severodvinian","","","","265.00000","254.00000","29103"
"1061","int","","","Early Severodvinian","","","","265.00000","252.30000","29103"
"993","int","","","Flettian","","","","265.00000","259.00000","18155"
"853","int","","","Severodvinian","","","","265.00000","254.00000","15443"
"917","int","","","Lengwuan","","","","265.00000","259.00000","15443"
"465","int","","","Buntsandstein","","","","265.00000","252.30000","5954"
"479","int","","","Capitan","","","","265.00000","259.00000","5954"
"466","int","","","Ohre","","","","265.00000","259.00000","5954"
"1058","int","","","Late Vyatkian","","","","265.00000","252.30000","29103"
"915","int","","","Wargal","","","","265.00000","254.00000","15443"
"906","int","","","Pamirian","","","","265.00000","252.30000","15443"
"467","int","","","Aller","","","","265.00000","259.00000","5954"
"145","int","1","5","Capitanian","","772","#FB9A85","265.10000","259.90000","5954"
"907","int","","","Murgabian","","","","268.00000","265.00000","15443"
"468","int","","","Leine","","","","268.00000","265.00000","5954"
"1062","int","","","Late Urzhumian","","","","268.00000","265.00000","29103"
"469","int","","","Stassfurt Evaporites","","","","268.00000","265.00000","5954"
"1063","int","","","Early Urzhumian","","","","268.00000","265.00000","29103"
"904","int","","","Tatarian","","","","268.00000","252.30000","15443"
"854","int","","","Urzhumian","","","","268.00000","265.00000","15443"
"470","int","","","Hauptdolomitstinkschiefer","","","","268.00000","265.00000","5954"
"480","int","","","Word","","","","268.00000","265.00000","5954"
"146","int","1","5","Wordian","","772","#FB8D76","268.80000","265.10000","5954"
"772","int","1","4","Guadalupian","","17","#FB745C","272.30000","259.90000","47900"
"717","int","1","5","Roadian","","772","#FB8069","272.30000","268.80000","9184"
"916","int","","","Amb","","","","272.50000","265.00000","15443"
"908","int","","","Kubergandian","","","","272.50000","268.00000","15443"
"1047","int","","","Biarmian","","","","272.50000","268.00000","29103"
"1064","int","","","Late Kazanian","","","","272.50000","268.00000","29103"
"918","int","","","Kuhfengian","","","","272.50000","265.00000","15443"
"1065","int","","","Early Kazanian","","","","272.50000","268.00000","29103"
"905","int","","","Kazanian","","","","272.50000","268.00000","15443"
"855","int","","","Povolzhian","","","","272.50000","268.00000","15443"
"856","int","","","Sokian","","","","272.50000","268.00000","15443"
"994","int","","","Barettian","","","","273.00000","265.00000","18155"
"148","int","1","5","Kungurian","","773","#E38776","279.30000","272.30000","5954"
"1067","int","","","Solikamskian","","","","279.50000","272.50000","29103"
"857","int","","","Irenian","","","","279.50000","272.50000","15443"
"473","int","","","Kupferschiefer","","","","279.50000","272.50000","5954"
"858","int","","","Filipovian","","","","279.50000","272.50000","15443"
"474","int","","","Weissliegendes","","","","279.50000","272.50000","5954"
"909","int","","","Bolorian","","","","279.50000","272.50000","15443"
"859","int","","","Saranian","","","","279.50000","272.50000","15443"
"919","int","","","Luodianian","","","","279.50000","272.50000","15443"
"471","int","","","Werra","","","","279.50000","272.50000","5954"
"1066","int","","","Sheshmian","","","","279.50000","272.50000","29103"
"147","int","","","Ufimian","","","","279.50000","272.50000","5954"
"472","int","","","Zechsteinkalk","","","","279.50000","272.50000","5954"
"995","int","","","Mangapirian","","","","280.00000","273.00000","18155"
"861","int","","","Irginian","","","","290.10000","279.50000","15443"
"942","int","","","Aparima","","","","290.10000","259.00000","18155"
"862","int","","","Burtsevian","","","","290.10000","279.50000","15443"
"910","int","","","Yakhtashian","","","","290.10000","272.50000","15443"
"860","int","","","Sarginian","","","","290.10000","279.50000","15443"
"996","int","","","Telfordian","","","","290.10000","280.00000","18155"
"481","int","","","Leonard","","","","290.10000","268.00000","5954"
"149","int","1","5","Artinskian","","773","#E37B68","290.10000","279.30000","5954"
"863","int","","","Sterlitamakian","","","","293.00000","290.10000","15443"
"864","int","","","Tastubian","","","","295.00000","293.00000","15443"
"920","int","","","Longlinian","","","","295.00000","279.50000","15443"
"911","int","","","Khoridzhian","","","","295.00000","290.10000","15443"
"150","int","1","5","Sakmarian","","773","#E36F5C","295.50000","290.10000","5954"
"482","int","","","Wolfcamp","","","","296.40000","268.00000","5954"
"894","int","","","Bursumian","","","","296.40000","295.00000","15443"
"865","int","","","Shikhanian","","","","296.40000","295.00000","15443"
"866","int","","","Uskalykian","","","","297.45000","296.40000","15443"
"921","int","","","Zisongian","","","","298.90000","290.10000","15443"
"912","int","","","Sebisurkhian","","","","298.90000","295.00000","15443"
"867","int","","","Sjuranian","","","","298.90000","297.45000","15443"
"849","int","","","Autunian","","","","298.90000","295.00000","15443"
"895","int","","","Mapingian","","","","298.90000","295.00000","15443"
"850","int","","","Lebach","","","","298.90000","295.00000","15443"
"48","int","","","Rotliegendes","","","","298.90000","254.00000","5954"
"17","int","1","3","Permian","P","3","#F04028","298.90000","252.17000","47900"
"773","int","1","4","Cisuralian","","17","#EF5845","298.90000","272.30000","47900"
"151","int","1","5","Asselian","","773","#E36350","298.90000","295.50000","5954"
"868","int","","","Melekhovian","","","","300.20000","298.90000","15443"
"152","int","","","Noginian","","","","301.20000","300.20000","5954"
"851","int","","","Kuzel","","","","301.20000","298.90000","15443"
"869","int","","","Pavlovoposadian","","","","302.20000","301.20000","15443"
"870","int","","","Rusavkian","","","","303.40000","302.20000","15443"
"153","int","","","Klazminskian","","","","303.40000","301.20000","5954"
"456","int","","","Virgilian","","","","303.40000","298.90000","5954"
"448","int","","","Stephanian C","","","","303.40000","301.20000","5954"
"49","int","1","5","Gzhelian","","27","#CCD4C7","303.70000","298.90000","5954"
"154","int","","","Dorogovilovian","","","","304.80000","303.40000","5954"
"449","int","","","Stephanian B","","","","304.80000","303.40000","5954"
"450","int","","","Stephanian A","","","","305.90000","304.80000","5954"
"457","int","","","Missourian","","","","305.90000","303.40000","5954"
"155","int","","","Khamovnichean","","","","305.90000","304.80000","5954"
"445","int","","","Stephanian","","","","306.95000","298.90000","5954"
"774","int","","","Late Pennsylvanian","","","","306.95000","298.90000","15443"
"896","int","","","Xiaodushanian","","","","306.95000","298.90000","15443"
"156","int","","","Krevyakian","","","","306.95000","305.90000","5954"
"50","int","1","5","Kasimovian","","27","#BFD0C5","307.00000","303.70000","5954"
"157","int","","","Myachkovian","","","","309.00000","306.95000","5954"
"871","int","","","Peskovian","","","","309.00000","305.90000","15443"
"451","int","","","Cantabrian","","","","311.45000","305.90000","5954"
"158","int","","","Podolskian","","","","311.45000","309.00000","5954"
"452","int","","","Westphalian D","","","","311.45000","306.95000","5954"
"159","int","","","Kashirian","","","","313.80000","311.45000","5954"
"458","int","","","Desmoinesian","","","","313.80000","305.90000","5954"
"454","int","","","Westphalian B","","","","314.60000","314.60000","5954"
"872","int","","","Tsninian","","","","314.60000","311.45000","15443"
"775","int","","","Middle Pennsylvanian","","","","314.60000","306.95000","15443"
"453","int","","","Westphalian C","","","","314.60000","311.45000","5954"
"160","int","","","Vereian","","","","314.60000","313.80000","5954"
"897","int","","","Dalanian","","","","314.60000","303.40000","15443"
"51","int","1","5","Moscovian","","27","#B3CBB9","315.20000","307.00000","5954"
"161","int","","","Melekesian","","","","318.10000","314.60000","5954"
"875","int","","","Krasnopolyanian","","","","318.10000","314.60000","15443"
"776","int","","","Early Pennsylvanian","","","","318.10000","314.60000","15443"
"898","int","","","Huashibanian","","","","318.10000","314.60000","15443"
"459","int","","","Atokan","","","","318.10000","311.45000","5954"
"166","int","","","Alportian","","","","318.10000","314.60000","5954"
"455","int","","","Westphalian A","","","","318.10000","314.60000","5954"
"162","int","","","Cheremshanian","","","","318.10000","314.60000","5954"
"446","int","","","Westphalian","","","","318.10000","306.95000","5954"
"876","int","","","Voznesenian","","","","318.10000","314.60000","15443"
"899","int","","","Luosuan","","","","318.10000","314.60000","15443"
"460","int","","","Morrowan","","","","318.10000","314.60000","5954"
"167","int","","","Chokierian","","","","318.10000","314.60000","5954"
"163","int","","","Yeadonian","","","","318.10000","314.60000","5954"
"873","int","","","Prikarnian","","","","318.10000","314.60000","15443"
"164","int","","","Marsdenian","","","","318.10000","314.60000","5954"
"874","int","","","Severokeltmenian","","","","318.10000","314.60000","15443"
"165","int","","","Kinderscoutian","","","","318.10000","314.60000","5954"
"27","int","1","4","Pennsylvanian","","18","#99C2B5","323.20000","298.90000","47900"
"52","int","1","5","Bashkirian","","27","#99C2B6","323.20000","315.20000","5954"
"880","int","","","Tarussian","","","","326.40000","318.10000","15443"
"447","int","","","Namurian","","","","326.40000","314.60000","5954"
"877","int","","","Zapaltyubian","","","","326.40000","314.60000","15443"
"900","int","","","Dewunian","","","","326.40000","318.10000","15443"
"777","int","","","Late Mississippian","","","","326.40000","318.10000","15443"
"168","int","","","Arnsbergian","","","","326.40000","318.10000","5954"
"878","int","","","Protvian","","","","326.40000","318.10000","15443"
"169","int","","","Pendleian","","","","326.40000","318.10000","5954"
"879","int","","","Steshevian","","","","326.40000","318.10000","15443"
"53","int","1","5","Serpukhovian","","28","#BFC26B","330.90000","323.20000","5954"
"170","int","","","Brigantian","","","","336.00000","326.40000","5954"
"881","int","","","Venevian","","","","336.00000","326.40000","15443"
"171","int","","","Asbian","","","","339.40000","336.00000","5954"
"461","int","","","Chesterian","","","","339.40000","318.10000","5954"
"882","int","","","Mikhailovian","","","","339.40000","336.00000","15443"
"901","int","","","Shangsian","","","","339.40000","326.40000","15443"
"884","int","","","Tulian","","","","342.80000","339.40000","15443"
"172","int","","","Holkerian","","","","342.80000","339.40000","5954"
"883","int","","","Aleksian","","","","342.80000","339.40000","15443"
"885","int","","","Bobrikovian","","","","345.00000","342.80000","15443"
"173","int","","","Arundian","","","","345.00000","342.80000","5954"
"462","int","","","Meramecian","","","","345.00000","336.00000","5954"
"902","int","","","Jiusian","","","","345.30000","339.40000","15443"
"886","int","","","Radaevian","","","","345.30000","345.00000","15443"
"778","int","","","Middle Mississippian","","","","345.30000","326.40000","15443"
"174","int","","","Chadian","","","","345.30000","345.00000","5954"
"54","int","1","5","Visean","","28","#A6B96C","346.70000","330.90000","5954"
"463","int","","","Osagean","","","","353.80000","342.80000","5954"
"175","int","","","Ivorian","","","","353.80000","345.30000","5954"
"887","int","","","Kosvinian","","","","353.80000","345.00000","15443"
"888","int","","","Kizolovian","","","","353.80000","345.30000","15443"
"893","int","","","Gumerovian","","","","358.90000","353.80000","15443"
"889","int","","","Cherepetsian","","","","358.90000","353.80000","15443"
"903","int","","","Tangbagouan","","","","358.90000","345.30000","15443"
"464","int","","","Kinderhookian","","","","358.90000","353.80000","5954"
"779","int","","","Early Mississippian","","","","358.90000","345.30000","15443"
"176","int","","","Hastarian","","","","358.90000","353.80000","5954"
"890","int","","","Karakubian","","","","358.90000","353.80000","15443"
"891","int","","","Upinian","","","","358.90000","353.80000","15443"
"892","int","","","Malevian","","","","358.90000","353.80000","15443"
"18","int","1","3","Carboniferous","C","3","#67A599","358.90000","298.90000","47900"
"28","int","1","4","Mississippian","","18","#678F66","358.90000","323.20000","47900"
"55","int","1","5","Tournaisian","","28","#8CB06C","358.90000","346.70000","5954"
"1068","int","","","Late Famennian","","","","364.70000","360.70000","33105"
"1069","int","","","Middle Famennian","","","","370.60000","364.70000","33105"
"177","int","1","5","Famennian","","56","#F2EDC5","372.20000","358.90000","47900"
"399","int","","","Pilton","","","","376.10000","353.80000","5954"
"418","int","","","Hemberg","","","","376.10000","360.70000","5954"
"400","int","","","Baggy","","","","376.10000","360.70000","5954"
"432","int","","","Conewangoan","","","","376.10000","360.70000","5954"
"419","int","","","Nehden","","","","376.10000","360.70000","5954"
"401","int","","","Upcott","","","","376.10000","360.70000","5954"
"433","int","","","Conneaut","","","","376.10000","360.70000","5954"
"402","int","","","Pickwell Down","","","","376.10000","360.70000","5954"
"434","int","","","Canadaway","","","","376.10000","360.70000","5954"
"416","int","","","Wocklum","","","","376.10000","360.70000","5954"
"1070","int","","","Early Famennian","","","","376.10000","370.60000","33105"
"417","int","","","Dasberg","","","","376.10000","360.70000","5954"
"1071","int","","","Late Frasnian","","","","379.50000","376.10000","33105"
"1072","int","","","Middle Frasnian","","","","382.40000","379.50000","33105"
"56","int","1","4","Late Devonian","","19","#F1E19D","382.70000","358.90000","47900"
"178","int","1","5","Frasnian","","56","#F2EDAD","382.70000","372.20000","47900"
"1073","int","","","Early Frasnian","","","","383.70000","382.40000","33105"
"436","int","","","Sonyea","","","","383.70000","376.10000","5954"
"410","int","","","Famennien","","","","383.70000","360.70000","5954"
"435","int","","","West Falls","","","","383.70000","376.10000","5954"
"179","int","1","5","Givetian","","57","#F1E185","387.70000","382.70000","47900"
"404","int","","","Ilfracombe","","","","388.10000","383.70000","5954"
"437","int","","","Genesee","","","","388.10000","376.10000","5954"
"1076","int","","","Late Givetian","","","","388.10000","383.70000","33153"
"1078","int","","","Early Givetian","","","","388.10000","383.70000","33153"
"438","int","","","Taghanic","","","","388.10000","383.70000","5954"
"420","int","","","Adorf","","","","388.10000","376.10000","5954"
"411","int","","","Frasnien","","","","388.10000","376.10000","5954"
"1077","int","","","Middle Givetian","","","","388.10000","383.70000","33153"
"439","int","","","Tioughnioga","","","","388.10000","383.70000","5954"
"421","int","","","Givet","","","","388.10000","383.70000","5954"
"412","int","","","Givetien","","","","388.10000","383.70000","5954"
"403","int","","","Morte","","","","388.10000","376.10000","5954"
"426","int","","","Srbsko","","","","388.10000","383.70000","5954"
"422","int","","","Eifel","","","","391.90000","388.10000","5954"
"427","int","","","Chotec","","","","391.90000","388.10000","5954"
"441","int","","","Southwood","","","","391.90000","388.10000","5954"
"405","int","","","Hangman","","","","391.90000","388.10000","5954"
"440","int","","","Cazenovian","","","","391.90000","383.70000","5954"
"57","int","1","4","Middle Devonian","","19","#F1C868","393.30000","382.70000","47900"
"180","int","1","5","Eifelian","","57","#F1D576","393.30000","387.70000","47900"
"1074","int","","","Late Emsian","","","","402.50000","391.90000","33153"
"181","int","1","5","Emsian","","58","#E5D075","407.60000","393.30000","47900"
"413","int","","","Couvinien","","","","409.10000","383.70000","5954"
"423","int","","","Ems","","","","409.10000","391.90000","5954"
"1075","int","","","Early Emsian","","","","409.10000","402.50000","33153"
"428","int","","","Daleje","","","","409.10000","388.10000","5954"
"442","int","","","Sawkill","","","","409.10000","391.90000","5954"
"406","int","","","Lynton","","","","409.10000","388.10000","5954"
"429","int","","","Zlichovian","","","","409.10000","391.90000","5954"
"443","int","","","Deer Park","","","","409.10000","391.90000","5954"
"182","int","1","5","Pragian","","58","#E5C468","410.80000","407.60000","47900"
"414","int","","","Coblencien","","","","412.30000","391.90000","5954"
"424","int","","","Siegen","","","","412.30000","409.10000","5954"
"407","int","","","Brecon","","","","412.30000","391.90000","5954"
"430","int","","","Pragian (Czechoslovakia)","","","","412.30000","391.90000","5954"
"431","int","","","Lochkovian (Czechoslovakia)","","","","416.00000","409.10000","5954"
"415","int","","","Gedinnine","","","","416.00000","412.30000","5954"
"425","int","","","Gedinne","","","","416.00000","412.30000","5954"
"444","int","","","Helderberg","","","","416.00000","391.90000","5954"
"408","int","","","Ditton","","","","416.00000","412.30000","5954"
"409","int","","","Downton","","","","418.70000","412.30000","5954"
"19","int","1","3","Devonian","D","3","#CB8C37","419.20000","358.90000","47900"
"58","int","1","4","Early Devonian","","19","#E5AC4D","419.20000","393.30000","47900"
"183","int","1","5","Lochkovian","","58","#E5B75A","419.20000","410.80000","47900"
"386","int","","","Burgsvik","","","","421.30000","419.20000","5954"
"387","int","","","Eke","","","","421.30000","419.20000","5954"
"841","int","","","Kuressaare","","","","421.30000","419.20000","15443"
"370","int","","","Whitcliffe","","","","421.30000","419.20000","5954"
"371","int","","","Leintwardine","","","","421.30000","419.20000","5954"
"385","int","","","Hamra","","","","421.30000","419.20000","5954"
"372","int","","","Bringewood","","","","422.90000","421.30000","5954"
"373","int","","","Elton","","","","422.90000","421.30000","5954"
"1095","int","","","Kuimov","","","","422.90000","419.20000","42596"
"842","int","","","Paadla","","","","422.90000","419.20000","15443"
"1091","int","","","Salina","","","","422.90000","419.20000","42596"
"394","int","","","Cayugan","","","","422.90000","419.20000","5954"
"367","int","","","Red Downtonian","","","","423.00000","419.20000","5954"
"381","int","","","Pridolischichten","","","","423.00000","419.20000","5954"
"839","int","","","Ohesaare","","","","423.00000","419.20000","15443"
"368","int","","","Temeside Shales","","","","423.00000","419.20000","5954"
"784","int","","","unnamed Pridoli stage","","","","423.00000","419.20000","15443"
"840","int","","","Kaugetuma","","","","423.00000","419.20000","15443"
"369","int","","","Downton Castle","","","","423.00000","419.20000","5954"
"384","int","","","Sundre","","","","423.00000","419.20000","5954"
"59","int","1","4","Pridoli","","20","#E6F5E1","423.00000","419.20000","47900"
"3001","int","1","5","Pridoli","","59","#E6F5E1","423.00000","419.20000","47900"
"382","int","","","Kopaninaschichten","","","","425.40000","419.20000","5954"
"374","int","","","Wenlock (England)","","","","425.40000","422.90000","5954"
"186","int","","","Gleedonian","","","","425.40000","422.90000","5954"
"388","int","","","Hemse","","","","425.40000","419.20000","5954"
"375","int","","","Tickwood","","","","425.40000","422.90000","5954"
"184","int","1","5","Ludfordian","","60","#D9F0DF","425.60000","423.00000","47900"
"843","int","","","Rootsikula","","","","426.20000","422.90000","15443"
"187","int","","","Whitwellian","","","","426.20000","425.40000","5954"
"1096","int","","","Chagyrka","","","","426.20000","422.90000","42596"
"60","int","1","4","Ludlow","","20","#BFE6CF","427.40000","423.00000","47900"
"185","int","1","5","Gorstian","","60","#CCECDD","427.40000","425.60000","47900"
"390","int","","","Slite","","","","428.20000","426.20000","5954"
"1092","int","","","Lockport","","","","428.20000","422.90000","42596"
"395","int","","","Lockportian","","","","428.20000","422.90000","5954"
"377","int","","","Buildwas","","","","428.20000","426.20000","5954"
"391","int","","","Hogklint","","","","428.20000","426.20000","5954"
"844","int","","","Jaagarahu","","","","428.20000","422.90000","15443"
"392","int","","","Upper Visby","","","","428.20000","426.20000","5954"
"845","int","","","Jaani","","","","428.20000","426.20000","15443"
"389","int","","","Mulde","","","","428.20000","422.90000","5954"
"376","int","","","Coalbrookdale","","","","428.20000","422.90000","5954"
"785","int","1","5","Homerian","","61","#CCEBD1","430.50000","427.40000","47900"
"61","int","1","4","Wenlock","","20","#B3E1C2","433.40000","427.40000","47900"
"188","int","1","5","Sheinwoodian","","61","#BFE6C3","433.40000","430.50000","47900"
"1097","int","","","Chesnokovka","","","","436.00000","426.20000","42596"
"396","int","","","Tonawandan","","","","436.00000","426.20000","5954"
"1098","int","","","Polaty","","","","436.00000","428.20000","42596"
"378","int","","","Woolhope","","","","436.00000","428.20000","5954"
"393","int","","","Lower Visby","","","","436.00000","428.20000","5954"
"189","int","1","5","Telychian","","62","#BFE6D1","438.50000","433.40000","47900"
"1093","int","","","Clinton","","","","439.00000","426.20000","42596"
"397","int","","","Ontarian","","","","439.00000","428.20000","5954"
"1099","int","","","Syrovaty","","","","439.00000","428.20000","42596"
"379","int","","","Wych","","","","439.00000","428.20000","5954"
"846","int","","","Adavere","","","","439.00000","428.20000","15443"
"190","int","1","5","Aeronian","","62","#B3E1C2","440.80000","438.50000","47900"
"848","int","","","Juuru","","","","443.40000","439.00000","15443"
"383","int","","","Litenschichten","","","","443.40000","422.90000","5954"
"1094","int","","","Medina","","","","443.40000","436.00000","42596"
"1090","int","","","Niagaran","","","","443.40000","422.90000","42596"
"398","int","","","Alexandrian","","","","443.40000","436.00000","5954"
"1100","int","","","Vtorye Utesy","","","","443.40000","436.00000","42596"
"380","int","","","Cowleigh Park","","","","443.40000","439.00000","5954"
"847","int","","","Raikkula","","","","443.40000","436.00000","15443"
"20","int","1","3","Silurian","S","3","#B3E1B6","443.40000","419.20000","47900"
"62","int","1","4","Llandovery","","20","#99D7B3","443.40000","433.40000","47900"
"191","int","1","5","Rhuddanian","","62","#A6DCB5","443.40000","440.80000","47900"
"192","int","1","5","Hirnantian","","29","#A6DBAB","445.20000","443.40000","47900"
"326","int","","","Kosov","","","","445.60000","443.70000","5954"
"336","int","","","Porkuni","","","","445.60000","443.70000","5954"
"1011","int","","","late Late Ordovician","","","","445.60000","443.70000","19119"
"592","int","","","Kosovian","","","","445.60000","443.70000","8960"
"353","int","","","Gamach","","","","445.60000","443.70000","5954"
"354","int","","","Richmond","","","","449.50000","445.60000","5954"
"63","int","","","Ashgill","","","","449.50000","443.70000","5954"
"194","int","","","Cautleyan","","","","449.50000","445.60000","5954"
"327","int","","","Kraluv Dvur","","","","449.50000","445.60000","5954"
"337","int","","","Pirgu","","","","449.50000","445.60000","5954"
"195","int","","","Pusgillian","","","","449.50000","445.60000","5954"
"564","int","","","Gamachian","","","","449.50000","443.70000","8960"
"610","int","","","Wufeng","","","","449.50000","443.70000","8960"
"606","int","","","Qiantianjiang","","","","449.50000","443.70000","8960"
"565","int","","","Richmondian","","","","449.50000","443.70000","8960"
"597","int","","","Bolindian","","","","449.50000","443.70000","8960"
"593","int","","","Kralodvorian","","","","449.50000","445.60000","8960"
"638","int","","","Ashgillian","","","","449.50000","443.70000","8960"
"621","int","","","Chientangkiangian","","","","449.50000","443.70000","8960"
"355","int","","","Maysville","","","","452.00000","445.60000","5954"
"338","int","","","Vormsi","","","","452.00000","445.60000","5954"
"574","int","","","Harju","","","","452.00000","443.70000","8960"
"196","int","","","Onnian","","","","452.00000","449.50000","5954"
"339","int","","","Nabala","","","","452.00000","449.50000","5954"
"566","int","","","Maysvillian","","","","452.00000","449.50000","8960"
"560","int","","","Cincinnatian","","","","452.50000","443.70000","8960"
"1008","int","1","5","Katian","","29","#99D69F","453.00000","445.20000","47900"
"193","int","","","Rawtheyan","","","","455.80000","445.60000","5954"
"340","int","","","Rakvere","","","","455.80000","452.00000","5954"
"198","int","","","Marshbrookian","","","","455.80000","452.00000","5954"
"577","int","","","Streffordian","","","","455.80000","449.50000","8960"
"578","int","","","Cheneyan","","","","455.80000","452.00000","8960"
"786","int","","","middle Late Ordovician","","","","455.80000","445.60000","15443"
"588","int","","","Woolstonian","","","","455.80000","452.00000","8960"
"197","int","","","Actonian","","","","455.80000","452.00000","5954"
"598","int","","","Eastonian","","","","456.10000","449.50000","8960"
"358","int","","","Kirkfield","","","","457.50000","455.80000","5954"
"359","int","","","Rockland","","","","457.50000","455.80000","5954"
"341","int","","","Oandu","","","","457.50000","452.00000","5954"
"199","int","","","Longvillian","","","","457.50000","455.80000","5954"
"328","int","","","Bohdalec","","","","457.50000","445.60000","5954"
"200","int","","","Soudleyan","","","","457.50000","455.80000","5954"
"329","int","","","Zahorany","","","","457.50000","455.80000","5954"
"343","int","","","Johvi","","","","457.50000","449.50000","5954"
"579","int","","","Burrellian","","","","457.50000","455.80000","8960"
"201","int","","","Harnagian","","","","457.50000","455.80000","5954"
"561","int","","","Mohawkian","","","","457.50000","452.50000","8960"
"357","int","","","Sherman","","","","457.50000","454.00000","5954"
"330","int","","","Vinice","","","","457.50000","455.80000","5954"
"29","int","1","4","Late Ordovician","","21","#7FCA93","458.40000","443.40000","47900"
"1009","int","1","5","Sandbian","","29","#8CD094","458.40000","453.00000","47900"
"594","int","","","Berounian","","","","460.90000","449.50000","8960"
"617","int","","","Hanjiang","","","","460.90000","449.50000","8960"
"639","int","","","Caradocian","","","","460.90000","449.50000","8960"
"331","int","","","Letna","","","","460.90000","455.80000","5954"
"567","int","","","Chatfieldian","","","","460.90000","449.50000","8960"
"599","int","","","Gisbornian","","","","460.90000","456.10000","8960"
"557","int","","","Wildernessian","","","","460.90000","449.50000","8960"
"590","int","","","Dobrotivian","","","","460.90000","457.50000","8960"
"622","int","","","Neichiashanian","","","","460.90000","449.50000","8960"
"345","int","","","Kukruse","","","","460.90000","449.50000","5954"
"204","int","","","Middle Llandeilo","","","","460.90000","449.50000","5954"
"627","int","","","Haljala","","","","460.90000","449.50000","8960"
"332","int","","","Liben","","","","460.90000","457.50000","5954"
"568","int","","","Turinian","","","","460.90000","449.50000","8960"
"558","int","","","Ashbyan","","","","460.90000","449.50000","8960"
"64","int","","","Caradoc","","","","460.90000","449.50000","5954"
"646","int","","","Shermanian","","","","460.90000","449.50000","9006"
"360","int","","","Black River","","","","460.90000","457.50000","5954"
"342","int","","","Keila","","","","460.90000","455.80000","5954"
"356","int","","","Edenian","","","","460.90000","449.50000","5954"
"647","int","","","Blackriveran","","","","460.90000","449.50000","9006"
"642","int","","","Franklinian","","","","460.90000","449.50000","9006"
"554","int","","","Trentonian","","","","460.90000","449.50000","8960"
"611","int","","","Xiaoxita","","","","460.90000","443.70000","8960"
"643","int","","","Kirkfieldian","","","","460.90000","449.50000","9006"
"203","int","","","Late Llandeilo","","","","460.90000","449.50000","5954"
"616","int","","","Shikou","","","","460.90000","443.70000","8960"
"787","int","","","early Late Ordovician","","","","460.90000","455.80000","15443"
"607","int","","","Aijiashan","","","","460.90000","443.70000","8960"
"589","int","","","Volfreyan","","","","460.90000","457.50000","8960"
"344","int","","","Idavere","","","","460.90000","455.80000","5954"
"580","int","","","Aurelucian","","","","460.90000","457.50000","8960"
"644","int","","","Rocklandian","","","","460.90000","449.50000","9006"
"202","int","","","Costonian","","","","460.90000","457.50000","5954"
"206","int","","","Late Llanvirn","","","","463.50000","460.90000","5954"
"347","int","","","Lasnamagi","","","","463.50000","460.90000","5954"
"348","int","","","Aseri","","","","463.50000","460.90000","5954"
"575","int","","","Viru","","","","463.50000","452.00000","8960"
"581","int","","","Llandeilian","","","","466.00000","460.90000","8960"
"591","int","","","Oretanian","","","","466.00000","460.90000","8960"
"346","int","","","Uhaku","","","","466.00000","460.90000","5954"
"582","int","","","Abereiddian","","","","466.00000","460.90000","8960"
"205","int","","","Early Llandeilo","","","","466.00000","460.90000","5954"
"333","int","","","Dobrotiva","","","","466.00000","460.90000","5954"
"65","int","","","Llandeilo","","","","466.00000","449.50000","5954"
"361","int","","","Chazy","","","","466.00000","457.50000","5954"
"207","int","","","Early Llanvirn","","","","466.00000","463.50000","5954"
"334","int","","","Sarka","","","","466.00000","466.00000","5954"
"66","int","","","Llanvirn","","","","466.00000","460.90000","5954"
"630","int","","","Aluoja","","","","466.00000","460.90000","8960"
"556","int","1","5","Darriwilian","","30","#74C69C","467.30000","458.40000","47900"
"349","int","","","Kunda","","","","468.10000","463.50000","5954"
"649","int","","","Marmor","","","","468.10000","460.90000","9006"
"595","int","","","Llanvirnian","","","","468.10000","460.90000","8960"
"618","int","","","Hulo","","","","468.10000","460.90000","8960"
"623","int","","","Zhejiangian","","","","468.10000","460.90000","8960"
"648","int","","","Chazyan","","","","468.10000","460.90000","9006"
"362","int","","","Whiterock","","","","468.10000","460.90000","5954"
"612","int","","","Guniu","","","","468.10000","460.90000","8960"
"600","int","","","Yapeenian","","","","468.90000","466.00000","8960"
"30","int","1","4","Middle Ordovician","","21","#4DB47E","470.00000","458.40000","47900"
"1079","int","1","5","Dapingian","","30","#66C092","470.00000","467.30000","47900"
"635","int","","","Saka","","","","471.80000","468.10000","8960"
"562","int","","","Whiterockian","","","","471.80000","457.50000","8960"
"788","int","","","early Middle Ordovician","","","","471.80000","468.10000","15443"
"631","int","","","Valaste","","","","471.80000","466.00000","8960"
"350","int","","","Volkhov","","","","471.80000","468.10000","5954"
"640","int","","","Volkhovian","","","","471.80000","468.10000","8960"
"632","int","","","Hunderum","","","","471.80000","466.00000","8960"
"569","int","","","Rangerian","","","","471.80000","468.10000","8960"
"633","int","","","Langevoja","","","","471.80000","468.10000","8960"
"583","int","","","Fennian","","","","471.80000","466.00000","8960"
"634","int","","","Vaana","","","","471.80000","468.10000","8960"
"601","int","","","Castlemainian","","","","472.00000","468.90000","8960"
"602","int","","","Chewtonian","","","","473.90000","472.00000","8960"
"603","int","","","Bendigonian","","","","476.80000","473.90000","8960"
"1010","int","1","5","Floian","","31","#41B087","477.70000","470.00000","47900"
"335","int","","","Klabava","","","","478.60000","466.00000","5954"
"626","int","","","Valhallan","","","","478.60000","468.10000","8960"
"585","int","","","Moridunian","","","","478.60000","471.80000","8960"
"67","int","","","Arenig","","","","478.60000","466.00000","5954"
"608","int","","","Yangtzi","","","","478.60000","460.90000","8960"
"363","int","","","Cassinian","","","","478.60000","468.10000","5954"
"613","int","","","Dawan","","","","478.60000","468.10000","8960"
"636","int","","","Billingen","","","","478.60000","471.80000","8960"
"789","int","","","late Early Ordovician","","","","478.60000","471.80000","15443"
"614","int","","","Daobaowan","","","","478.60000","468.10000","8960"
"596","int","","","Arenigian","","","","478.60000","468.10000","8960"
"619","int","","","Ningkuo","","","","478.60000","468.10000","8960"
"641","int","","","Latorpian","","","","478.60000","471.80000","8960"
"624","int","","","Yushanian","","","","478.60000","468.10000","8960"
"570","int","","","Blackhillsian","","","","478.60000","471.80000","8960"
"584","int","","","Whitlandian","","","","478.60000","471.80000","8960"
"637","int","","","Hunneberg","","","","484.50000","471.80000","8960"
"351","int","","","Latorp","","","","484.50000","471.80000","5954"
"571","int","","","Tulean","","","","485.40000","471.80000","8960"
"576","int","","","Oeland","","","","485.40000","463.50000","8960"
"645","int","","","Canadian","","","","485.40000","468.10000","9006"
"572","int","","","Stairsian","","","","485.40000","478.60000","8960"
"604","int","","","Lancefieldian","","","","485.40000","476.80000","8960"
"586","int","","","Migneintian","","","","485.40000","478.60000","8960"
"68","int","","","Tremadoc","","","","485.40000","477.70000","5954"
"650","int","","","Jeffersonian","","","","485.40000","468.10000","9006"
"609","int","","","Yichang","","","","485.40000","478.60000","8960"
"364","int","","","Jefferson","","","","485.40000","468.10000","5954"
"573","int","","","Skullrockian","","","","485.40000","478.60000","8960"
"605","int","","","Warendian","","","","485.40000","478.60000","8960"
"628","int","","","Varangu","","","","485.40000","484.50000","8960"
"587","int","","","Cressagian","","","","485.40000","478.60000","8960"
"651","int","","","Demingian","","","","485.40000","478.60000","9006"
"790","int","","","Mansian","","","","485.40000","485.00000","15443"
"365","int","","","Deming","","","","485.40000","478.60000","5954"
"615","int","","","Lianghekou","","","","485.40000","478.60000","8960"
"629","int","","","Pakerort","","","","485.40000","484.50000","8960"
"800","int","","","Datsonian","","","","485.40000","485.00000","15443"
"620","int","","","Hunjiang","","","","485.40000","468.10000","8960"
"366","int","","","Gasconadian","","","","485.40000","477.70000","5954"
"625","int","","","Ichangian","","","","485.40000","478.60000","8960"
"828","int","","","Ungurian","","","","485.40000","478.60000","15443"
"21","int","1","3","Ordovician","O","3","#009270","485.40000","443.40000","47900"
"31","int","1","4","Early Ordovician","","21","#1A9D6F","485.40000","470.00000","47900"
"559","int","1","5","Tremadocian","","31","#33A97E","485.40000","477.70000","47900"
"563","int","","","Ibexian","","","","488.30000","471.80000","8960"
"1112","int","1","5","Stage 10","","780","#E6F5C9","489.50000","485.40000","47900"
"801","int","","","Payntonian","","","","494.00000","485.40000","15443"
"1113","int","1","5","Jiangshanian","","780","#D9F0BB","494.00000","489.50000","47900"
"780","int","1","4","Furongian","","22","#B3E095","497.00000","485.40000","47900"
"1114","int","1","5","Paibian","","780","#CCEBAE","497.00000","494.00000","47900"
"829","int","","","Batyrbaian","","","","498.50000","485.40000","15443"
"802","int","","","Iverian","","","","498.50000","494.00000","15443"
"830","int","","","Aksayan","","","","498.50000","485.40000","15443"
"822","int","","","Sunwaptan","","","","498.50000","485.40000","15443"
"791","int","","","Ketyan","","","","498.50000","485.40000","15443"
"1085","int","","","Niuchehean","","","","498.50000","485.40000","40570"
"810","int","","","Taoyuanian","","","","498.50000","485.40000","15443"
"792","int","","","Yurakian","","","","498.50000","485.40000","15443"
"1087","int","1","5","Guzhangian","","1109","#CCDFAA","500.50000","497.00000","47900"
"1086","int","","","Paibian","","","","501.00000","498.50000","40570"
"811","int","","","Waergangian","","","","501.00000","498.50000","15443"
"793","int","","","Ensyan","","","","501.00000","498.50000","15443"
"322","int","","","Franconian","","","","501.00000","485.40000","5954"
"313","int","","","Maentwrog","","","","501.00000","485.40000","5954"
"812","int","","","Youshuanian","","","","501.00000","498.50000","15443"
"835","int","","","Merionethian","","","","501.00000","485.40000","15443"
"803","int","","","Idamean","","","","501.00000","498.50000","15443"
"794","int","","","Maduan","","","","501.00000","498.50000","15443"
"323","int","","","Dresbachian","","","","501.00000","485.40000","5954"
"208","int","","","Dolgellian","","","","501.00000","485.40000","5954"
"831","int","","","Sakian","","","","501.00000","485.40000","15443"
"69","int","","","Merioneth","","","","501.00000","485.40000","5954"
"804","int","","","Mindyallan","","","","501.00000","498.50000","15443"
"795","int","","","Tavgian","","","","501.00000","485.40000","15443"
"209","int","","","Maentwrogian","","","","501.00000","485.40000","5954"
"352","int","","","Olentian","","","","501.00000","484.50000","5954"
"823","int","","","Steptoean","","","","501.00000","485.40000","15443"
"311","int","","","Dolgelly","","","","501.00000","485.40000","5954"
"796","int","","","Nganasanian","","","","501.00000","498.50000","15443"
"819","int","","","Millardan","","","","501.00000","485.40000","15443"
"321","int","","","Trempealeauan","","","","501.00000","485.40000","5954"
"312","int","","","Festiniogian","","","","501.00000","485.40000","5954"
"805","int","","","Boomerangian","","","","504.00000","501.00000","15443"
"1116","int","1","5","Drumian","","1109","#BFD99D","504.50000","500.50000","47900"
"806","int","","","Undillan","","","","505.00000","504.00000","15443"
"797","int","","","Mayan","","","","505.00000","501.00000","15443"
"813","int","","","Wangcunian","","","","505.00000","501.00000","15443"
"832","int","","","Ayusokkanian","","","","505.00000","498.50000","15443"
"833","int","","","Zhanarykian","","","","505.00000","501.00000","15443"
"807","int","","","Floran","","","","507.00000","505.00000","15443"
"1109","int","1","4","Series 3","","22","#A6CF86","509.00000","497.00000","47900"
"1117","int","1","5","Stage 5","","1109","#B3D492","509.00000","504.50000","47900"
"211","int","","","Solvan","","","","513.00000","501.00000","5954"
"820","int","","","Lincolnian","","","","513.00000","498.50000","15443"
"317","int","","","Hafotty","","","","513.00000","501.00000","5954"
"834","int","","","Tyesaian","","","","513.00000","505.00000","15443"
"1082","int","","","Wulingian","","","","513.00000","501.00000","40570"
"825","int","","","Delamaran","","","","513.00000","505.00000","15443"
"798","int","","","Amgan","","","","513.00000","505.00000","15443"
"314","int","","","Clogau","","","","513.00000","501.00000","5954"
"808","int","","","Templetonian","","","","513.00000","507.00000","15443"
"836","int","","","Arcadian","","","","513.00000","501.00000","15443"
"324","int","","","Albertian","","","","513.00000","501.00000","5954"
"315","int","","","Gamlan","","","","513.00000","501.00000","5954"
"70","int","","","St Davids","","","","513.00000","501.00000","5954"
"814","int","","","Taijangian","","","","513.00000","505.00000","15443"
"210","int","","","Menevian","","","","513.00000","501.00000","5954"
"316","int","","","Barmouth","","","","513.00000","501.00000","5954"
"824","int","","","Marjumian","","","","513.00000","498.50000","15443"
"781","int","","","Middle Cambrian","","","","513.00000","501.00000","15443"
"1118","int","1","5","Stage 4","","1110","#B3CA8E","514.00000","509.00000","47900"
"749","int","","","Toyonian","","","","516.00000","513.00000","5954"
"816","int","","","Nangaoian","","","","516.00000","513.00000","15443"
"212","int","","","Lenian","","","","516.00000","513.00000","5954"
"318","int","","","Rhinog","","","","516.00000","513.00000","5954"
"750","int","","","Botomian","","","","516.00000","513.00000","5954"
"1083","int","","","Qiandongian","","","","516.00000","513.00000","40570"
"826","int","","","Dyeran","","","","516.00000","513.00000","15443"
"809","int","","","Ordian","","","","516.00000","513.00000","15443"
"815","int","","","Duyunian","","","","516.00000","513.00000","15443"
"213","int","","","Atdabanian","","","","520.00000","516.00000","5954"
"319","int","","","Llanbedr","","","","520.00000","516.00000","5954"
"837","int","","","Branchian","","","","520.00000","513.00000","15443"
"1110","int","1","4","Series 2","","22","#99C078","521.00000","509.00000","47900"
"1119","int","1","5","Stage 3","","1110","#A6C583","521.00000","514.00000","47900"
"1120","int","1","5","Stage 2","","1111","#A6BA80","529.00000","521.00000","47900"
"827","int","","","Montezuman","","","","530.00000","516.00000","15443"
"214","int","","","Tommotian","","","","530.00000","520.00000","5954"
"320","int","","","Dolwen","","","","530.00000","516.00000","5954"
"325","int","","","Waucoban","","","","530.00000","513.00000","5954"
"71","int","","","Caerfai","","","","530.00000","513.00000","5954"
"838","int","","","Placentian","","","","541.00000","516.00000","15443"
"821","int","","","Begadean","","","","541.00000","520.00000","15443"
"817","int","","","Meishucunian","","","","541.00000","516.00000","15443"
"799","int","","","Nemakit-Daldynian","","","","541.00000","530.00000","15443"
"782","int","","","Early Cambrian","","","","541.00000","513.00000","15443"
"1084","int","","","Diandongian","","","","541.00000","516.00000","40570"
"818","int","","","Jinnigian","","","","541.00000","516.00000","15443"
"748","int","","","Manykaian","","","","541.00000","530.00000","10010"
"751","int","1","1","Phanerozoic","","0","#9AD9DD","541.00000","0.00000","47900"
"3","int","1","2","Paleozoic","Pz","751","#99C08D","541.00000","252.17000","47900"
"22","int","1","3","Cambrian","Cm","3","#7FA056","541.00000","485.40000","47900"
"1111","int","1","4","Terreneuvian","","22","#8CB06C","541.00000","521.00000","47900"
"1121","int","1","5","Fortunian","","1111","#99B575","541.00000","529.00000","47900"
"72","int","","","Ediacara","","","","580.00000","541.00000","5954"
"216","int","","","Wonokan","","","","580.00000","580.00000","5954"
"217","int","","","Mortensnes","","","","580.00000","580.00000","5954"
"215","int","","","Poundian","","","","580.00000","541.00000","5954"
"23","int","","","Vendian","","","","635.00000","541.00000","5954"
"73","int","","","Varanger","","","","635.00000","580.00000","5954"
"4","int","","","Sinian","","","","635.00000","541.00000","5954"
"1081","int","","","Nyborg","","","","635.00000","580.00000","30675"
"761","int","1","3","Ediacaran","","754","#FED96A","635.00000","541.00000","47900"
"24","int","","","Sturtian","","","","723.00000","663.00000","5954"
"218","int","","","Smalfjord","","","","723.00000","635.00000","5954"
"762","int","1","3","Cryogenian","","754","#FECC5C","850.00000","635.00000","47900"
"754","int","1","2","Neoproterozoic","","752","#FEB342","1000.00000","541.00000","47900"
"763","int","1","3","Tonian","","754","#FEBF4E","1000.00000","850.00000","47900"
"74","int","","","Karatau","","","","1050.00000","635.00000","5954"
"764","int","1","3","Stenian","","755","#FED99A","1200.00000","1000.00000","47900"
"75","int","","","Yurmatin","","","","1350.00000","1050.00000","5954"
"765","int","1","3","Ectasian","","755","#F3CC8A","1400.00000","1200.00000","47900"
"755","int","1","2","Mesoproterozoic","","752","#FDB462","1600.00000","1000.00000","47900"
"766","int","1","3","Calymmian","","755","#FDC07A","1600.00000","1400.00000","47900"
"6","int","","","Animikean","","","","1650.00000","1650.00000","5954"
"76","int","","","Burzyan","","","","1650.00000","1350.00000","5954"
"7","int","","","Huronian","","","","1650.00000","1650.00000","5954"
"8","int","","","Randian","","","","1650.00000","1650.00000","5954"
"9","int","","","Swazian","","","","1650.00000","1650.00000","5954"
"5","int","","","Riphean","","","","1650.00000","635.00000","5954"
"10","int","","","Isuan","","","","1650.00000","1650.00000","5954"
"767","int","1","3","Statherian","","756","#F875A7","1800.00000","1600.00000","47900"
"768","int","1","3","Orosirian","","756","#F76898","2050.00000","1800.00000","47900"
"769","int","1","3","Rhyacian","","756","#F75B89","2300.00000","2050.00000","47900"
"752","int","1","1","Proterozoic","","0","#F73563","2500.00000","541.00000","47900"
"756","int","1","2","Paleoproterozoic","","752","#F74370","2500.00000","1600.00000","47900"
"770","int","1","3","Siderian","","756","#F74F7C","2500.00000","2300.00000","47900"
"757","int","1","2","Neoarchean","","753","#F99BC1","2800.00000","2500.00000","15443"
"758","int","1","2","Mesoarchean","","753","#F768A9","3200.00000","2800.00000","15443"
"759","int","1","2","Paleoarchean","","753","#F444A9","3600.00000","3200.00000","15443"
"77","int","","","Early Imbrian","","","","3850.00000","1650.00000","5954"
"78","int","","","Nectarian","","","","3950.00000","3850.00000","5954"
"753","int","1","1","Archean","","0","#F0047F","4000.00000","2500.00000","15443"
"760","int","1","2","Eoarchean","","753","#DA037F","4000.00000","3600.00000","15443"
"79","int","","","Basin Groups 1-9","","","","4150.00000","3950.00000","5954"
"80","int","","","Cryptic","","","","4560.00000","4150.00000","5954"
"11","int","1","1","Hadean","","0","#AE027E","4600.00000","4000.00000","5954"
